town,url,name
Bloomfield,http://rocwiki.org/Sharks_Ice_Cream,Sharks Ice Cream
Brighton,http://rocwiki.org/AVVINO,AVVINO
Brighton,http://rocwiki.org/Agave_Mexican_Grill,Agave Mexican Grill
Brighton,http://rocwiki.org/Aja_Noodle_Company,Aja Noodle Company
Brighton,http://rocwiki.org/Amaya_Bar_and_Grill,Amaya Bar and Grill
Brighton,http://rocwiki.org/Arby%27s,Arby's
Brighton,http://rocwiki.org/Bamboo_House,Bamboo House
Brighton,http://rocwiki.org/Brandani%27s,Brandani's
Brighton,http://rocwiki.org/Brick_Wood_Fired_Pizza_%26_Pasta,Brick Wood Fired Pizza & Pasta
Brighton,http://rocwiki.org/Cerame%27s_Italian_Villa,Cerame's Italian Villa
Brighton,http://rocwiki.org/Char_Broil_Family_Restaurant,Char Broil Family Restaurant
Brighton,http://rocwiki.org/Chen_Garden,Chen Garden
Brighton,http://rocwiki.org/Chopstix_Chinese_Restaurant,Chopstix Chinese Restaurant
Brighton,http://rocwiki.org/Crab_Shack,Crab Shack
Brighton,http://rocwiki.org/Delmonicos_Italian_Steakhouse,Delmonicos Italian Steakhouse
Brighton,http://rocwiki.org/DiBella%27s,DiBella's
Brighton,http://rocwiki.org/Don%27s_Original,Don's Original
Brighton,http://rocwiki.org/Dunkin%27_Donuts,Dunkin' Donuts
Brighton,http://rocwiki.org/Flour_City_Grill,Flour City Grill
Brighton,http://rocwiki.org/Fox%27s,Fox's
Brighton,http://rocwiki.org/Friendly%27s,Friendly's
Brighton,http://rocwiki.org/Geulah%27s_Kosher_Cafe,Geulah's Kosher Cafe
Brighton,http://rocwiki.org/Golden_Dynasty,Golden Dynasty
Brighton,http://rocwiki.org/Great_Harvest_Bread_Company,Great Harvest Bread Company
Brighton,http://rocwiki.org/Great_Northern_Pizza_Kitchens,Great Northern Pizza Kitchens
Brighton,http://rocwiki.org/Grinnell%27s_Restaurant,Grinnell's Restaurant
Brighton,http://rocwiki.org/Halfmoon_Creative_Salads,Halfmoon Creative Salads
Brighton,http://rocwiki.org/Jay%27s_Diner,Jay's Diner
Brighton,http://rocwiki.org/Ken%27s_Pizza_Corner,Ken's Pizza Corner
Brighton,http://rocwiki.org/Leo%27s_Deli,Leo's Deli
Brighton,http://rocwiki.org/Mamasan%27s,Mamasan's
Brighton,http://rocwiki.org/Mario%27s_Italian_Steakhouse_%26_Catering,Mario's Italian Steakhouse & Catering
Brighton,http://rocwiki.org/Max_Chophouse,Max Chophouse
Brighton,http://rocwiki.org/Michelina%27s_Italian_Eatery,Michelina's Italian Eatery
Brighton,http://rocwiki.org/New_Cantonese,New Cantonese
Brighton,http://rocwiki.org/Oakleaf_Eatery,Oakleaf Eatery
Brighton,http://rocwiki.org/The_Otter_Lodge,The Otter Lodge
Brighton,http://rocwiki.org/Panera_Bread,Panera Bread
Brighton,http://rocwiki.org/Phillips_European_Restaurant,Phillips European Restaurant
Brighton,http://rocwiki.org/Pizza_Hut,Pizza Hut
Brighton,http://rocwiki.org/Sai_Gon_Restaurant,Sai Gon Restaurant
Brighton,http://rocwiki.org/Sakura_Home,Sakura Home
Brighton,http://rocwiki.org/Salvatore%27s_Old_Fashioned_Pizzeria,Salvatore's Old Fashioned Pizzeria
Brighton,http://rocwiki.org/Clover_Lanes,Clover Lanes
Brighton,http://rocwiki.org/Schallers,Schallers
Brighton,http://rocwiki.org/Seoul_House,Seoul House
Brighton,http://rocwiki.org/Subway_Restaurants,Subway Restaurants
Brighton,http://rocwiki.org/TGI_Friday%27s,TGI Friday's
Brighton,http://rocwiki.org/Yummy_Garden,Yummy Garden
Brighton,http://rocwiki.org/Zebb%27s_Deluxe_Grill_%26_Bar,Zebb's Deluxe Grill & Bar
City of Rochester,http://rocwiki.org/Arnett_Cafe,Arnett Cafe
City of Rochester,http://rocwiki.org/Boulder_Coffee_Co.,Boulder Coffee Co.
City of Rochester,http://rocwiki.org/Brooks_Landing_Diner,Brooks Landing Diner
City of Rochester,http://rocwiki.org/Campi%27s,Campi's
City of Rochester,http://rocwiki.org/Capital_Subs,Capital Subs
City of Rochester,http://rocwiki.org/Chili_Diner,Chili Diner
City of Rochester,http://rocwiki.org/El_Latino_Restaurant,El Latino Restaurant
City of Rochester,http://rocwiki.org/Holley%27s_Cafe_and_Catering,Holley's Cafe and Catering
City of Rochester,http://rocwiki.org/LJ%27s,LJ's
City of Rochester,http://rocwiki.org/LOM2FWA,LOM2FWA
City of Rochester,http://rocwiki.org/Livie%27s_Jamaican_Restaurant_and_Import_Market,Livie's Jamaican Restaurant and Import Market
City of Rochester,http://rocwiki.org/Menezes_Pizza,Menezes Pizza
City of Rochester,http://rocwiki.org/Natural_Vibes,Natural Vibes
City of Rochester,http://rocwiki.org/Obsessions_Bar_and_Grill,Obsessions Bar and Grill
City of Rochester,http://rocwiki.org/People%27s_Choice_Kitchen,People's Choice Kitchen
City of Rochester,http://rocwiki.org/Sonny%27s_Side_Family_Kitchen,Sonny's Side Family Kitchen
City of Rochester,http://rocwiki.org/Subway_Restaurants,Subway
City of Rochester,http://rocwiki.org/Unkl_Moe%27s,Unkl Moe's
City of Rochester,http://rocwiki.org/Whatta-Cuisine_Vietnamese_Restaurant,Whatta-Cuisine Vietnamese Restaurant
City of Rochester,http://rocwiki.org/Chang_Lung_Restaurant,Chang Lung Restaurant
City of Rochester,http://rocwiki.org/Golden_Fox_Restaurant,Golden Fox Restaurant
City of Rochester,http://rocwiki.org/Goodman%27s_New_York_Style_Pizzeria,Goodman's New York Style Pizzeria
City of Rochester,http://rocwiki.org/Grandma%27s_Kitchen,Grandma's Kitchen
City of Rochester,http://rocwiki.org/Lorraine%27s_Food_Factory,Lorraine's Food Factory
City of Rochester,http://rocwiki.org/McDonald%27s,McDonald's
City of Rochester,http://rocwiki.org/Natural_Vibes,Natural Vibes Jerk Hut 2
City of Rochester,http://rocwiki.org/Sticky_Lips_Pit_BBQ,Sticky Lips Pit BBQ
City of Rochester,http://rocwiki.org/Swan_Market,Swan Market
City of Rochester,http://rocwiki.org/DiPisa_Old_World_Submarines,DiPisa Old World Submarines
City of Rochester,http://rocwiki.org/Flat_Iron_Cafe,Flat Iron Cafe
City of Rochester,http://rocwiki.org/Rocky%27s,Rocky's
City of Rochester,http://rocwiki.org/Roncone%27s,Roncone's
City of Rochester,http://rocwiki.org/Abbott%27s_Frozen_Custard,Abbott's Frozen Custard
City of Rochester,http://rocwiki.org/California_Rollin%27,California Rollin'
City of Rochester,http://rocwiki.org/Cheeburger_Cheeburger,Cheeburger Cheeburger
City of Rochester,http://rocwiki.org/Harbor_Hots,Harbor Hots
City of Rochester,http://rocwiki.org/Hose_22_Firehouse_Grill,Hose 22 Firehouse Grill
City of Rochester,http://rocwiki.org/LDR_Char_Pit,LDR Char Pit
City of Rochester,http://rocwiki.org/Lake_Chinese_Food,Lake Chinese Food
City of Rochester,http://rocwiki.org/Lakesiders_Sports_Bar_%26_Grill,Lakesiders Sports Bar & Grill
City of Rochester,http://rocwiki.org/Mama%27s_Pizza_Kitchen,Mama's Pizza Kitchen
City of Rochester,http://rocwiki.org/Mr._Dominic%27s,Mr. Dominic's
City of Rochester,http://rocwiki.org/Nola%27s_BBQ,Nola's BBQ
City of Rochester,http://rocwiki.org/Nutty_Bavarian,Nutty Bavarian
City of Rochester,http://rocwiki.org/Pelican%27s_Nest_Restaurant,Pelican's Nest Restaurant
City of Rochester,http://rocwiki.org/Rab%27s_Woodshed,Rab's Woodshed
City of Rochester,http://rocwiki.org/Scuttlebutts,Scuttlebutts
City of Rochester,http://rocwiki.org/Steel_River_BBQ_Bar_%26_Grill,Steel River BBQ Bar & Grill
City of Rochester,http://rocwiki.org/Windjammers_Bar_%26_Grill,Windjammers Bar & Grill
City of Rochester,http://rocwiki.org/Harvest_Cafe,Harvest Cafe
City of Rochester,http://rocwiki.org/Nathaniel%27s,Nathaniel's
City of Rochester,http://rocwiki.org/Panzari%27s_Italian_Bistro,Panzari's Italian Bistro
City of Rochester,http://rocwiki.org/Subway_Restaurants,Subway
City of Rochester,http://rocwiki.org/Ticas_With_A_Twist,Ticas With A Twist
City of Rochester,http://rocwiki.org/Tony_D%27s_Coal_Fired_Pizza,Tony D's Coal Fired Pizza
City of Rochester,http://rocwiki.org/Downtown_Restaurants,Downtown Restaurants
City of Rochester,http://rocwiki.org/Amore_Italian_Restaurant_%26_Wine_Bar,Amore Italian Restaurant & Wine Bar
City of Rochester,http://rocwiki.org/The_Brighton,The Brighton on East
City of Rochester,http://rocwiki.org/CanalTown_Coffee_Roasters,CanalTown Coffee Roasters
City of Rochester,http://rocwiki.org/Char_Steak_%26_Lounge,Char Steak & Lounge
City of Rochester,http://rocwiki.org/Country_Club_Diner,Country Club Diner
City of Rochester,http://rocwiki.org/DiBella%27s,DiBella's
City of Rochester,http://rocwiki.org/Dunkin%27_Donuts,Dunkin' Donuts
City of Rochester,http://rocwiki.org/Flour_City_Grill,Flour City Grill
City of Rochester,http://rocwiki.org/Joe_Bean,Joe Bean
City of Rochester,http://rocwiki.org/McDonald%27s,McDonald's
City of Rochester,http://rocwiki.org/New_Wong%27s_Kitchen,New Wong's Kitchen
City of Rochester,http://rocwiki.org/Pomodoro_Grill_and_Wine_Bar,Pomodoro Grill and Wine Bar
City of Rochester,http://rocwiki.org/Real_Life_Food_and_Fitness,Real Life Food and Fitness
City of Rochester,http://rocwiki.org/The_Revelry,The Revelry
City of Rochester,http://rocwiki.org/Ristorante_Lucano,Ristorante Lucano
City of Rochester,http://rocwiki.org/Subway_Restaurants,Subway
City of Rochester,http://rocwiki.org/Tim_Hortons,Tim Hortons
City of Rochester,http://rocwiki.org/Wendy%27s,Wendy's
City of Rochester,http://rocwiki.org/2_Vine,2 Vine
City of Rochester,http://rocwiki.org/Aunt_Rosie%27s,Aunt Rosie's
City of Rochester,http://rocwiki.org/Bamba_Bistro,Bamba Bistro
City of Rochester,http://rocwiki.org/Cam%27s_Pizzeria,Cam's Pizzeria
City of Rochester,http://rocwiki.org/Captain%27s_Attic_Restaurant_%26_Bar,Captain's Attic Restaurant & Bar
City of Rochester,http://rocwiki.org/Chestnut_Cafe,Chestnut Cafe
City of Rochester,http://rocwiki.org/Everything_Iz_Good,Everything Iz Good
City of Rochester,http://rocwiki.org/Fra%C3%AEche_Bistro_and_Dessert_Bar,Fraîche Bistro and Dessert Bar
City of Rochester,http://rocwiki.org/Golden_Port,Golden Port
City of Rochester,http://rocwiki.org/The_Grill_at_One,The Grill at One
City of Rochester,http://rocwiki.org/Havana_Cabana,Havana Cabana
City of Rochester,http://rocwiki.org/House_of_Sushi,House of Sushi
City of Rochester,http://rocwiki.org/Jim%27s_Restaurant_Too,Jim's Restaurant Too
City of Rochester,http://rocwiki.org/Little_Cafe,Little Cafe
City of Rochester,http://rocwiki.org/Ludwig%27s_Center_Stage_Cafe,Ludwig's Center Stage Cafe
City of Rochester,http://rocwiki.org/Max_of_Eastman_Place,Max of Eastman Place
City of Rochester,http://rocwiki.org/Mitch%27s_Restaurant,Mitch's Restaurant
City of Rochester,http://rocwiki.org/Orange_Glory_Cafe,Orange Glory Cafe
City of Rochester,http://rocwiki.org/The_Pita_Pit,The Pita Pit
City of Rochester,http://rocwiki.org/Pontillo%27s,Pontillo's Pizza
City of Rochester,http://rocwiki.org/Shema_Sushi,Shema Sushi
City of Rochester,http://rocwiki.org/Shui_Asian_Fusion,Shui Asian Fusion
City of Rochester,http://rocwiki.org/Stromboli_Express,Stromboli Express
City of Rochester,http://rocwiki.org/Subway_Restaurants,Subway
City of Rochester,http://rocwiki.org/Tequila_Loco,Tequila Loco
City of Rochester,http://rocwiki.org/Tournedo%27s_Restaurant,Tournedo's Restaurant
City of Rochester,http://rocwiki.org/Veneto,Veneto
City of Rochester,http://rocwiki.org/Victoire,Victoire
City of Rochester,http://rocwiki.org/CJ%27s_Southern_Soul_Restaurant,CJ's Southern Soul Restaurant
City of Rochester,http://rocwiki.org/Domino%27s_Pizza,Domino's Pizza
City of Rochester,http://rocwiki.org/Dunkin%27_Donuts,Dunkin' Donuts
City of Rochester,http://rocwiki.org/El_Jibarito_Restaurant,El Jibarito
City of Rochester,http://rocwiki.org/El_Taino,El Taino
City of Rochester,http://rocwiki.org/Flat_Iron_Cafe,Flat Iron Cafe
City of Rochester,http://rocwiki.org/Lake_Avenue_Hots,Lake Avenue Hots
City of Rochester,http://rocwiki.org/Mark%27s_Texas_Hots,Mark's Texas Hots
City of Rochester,http://rocwiki.org/Marvin_Mozzeroni%27s,Marvin Mozzeroni's
City of Rochester,http://rocwiki.org/McDonald%27s,McDonald's
City of Rochester,http://rocwiki.org/Popeyes_Chicken_%26_Biscuits,Popeyes Chicken & Biscuits
City of Rochester,http://rocwiki.org/Tim_Hortons,Tim Hortons
City of Rochester,http://rocwiki.org/Wendy%27s,Wendy's
City of Rochester,http://rocwiki.org/Glady%27s_Place,Glady's Place
City of Rochester,http://rocwiki.org/Jerkers_Original_Take_Out,Jerkers Original Take Out
City of Rochester,http://rocwiki.org/Mojoe%27s_Pizza,Mojoe's Pizza
City of Rochester,http://rocwiki.org/Pop_Style_International,Pop Style International
City of Rochester,http://rocwiki.org/This_Is_It,This Is It
City of Rochester,http://rocwiki.org/Dunkin%27_Donuts,Dunkin' Donuts
City of Rochester,http://rocwiki.org/East_Ridge_Hots,East Ridge Hots
City of Rochester,http://rocwiki.org/El_Pilon_Criollo_Restaurant,El Pilon Criollo Restaurant
City of Rochester,http://rocwiki.org/El_Sabor_de_la_Isla,El Sabor de la Isla
City of Rochester,http://rocwiki.org/Halal_Market_and_Meats_Cafe,Halal Market and Meats Cafe
City of Rochester,http://rocwiki.org/Kithno%27s_Seafood,Kithno's Seafood
City of Rochester,http://rocwiki.org/Pudgie%27s_Pizza,Pudgie's Pizza
City of Rochester,http://rocwiki.org/Sal%27s_Birdland,Sal's Birdland
City of Rochester,http://rocwiki.org/Salvatore%27s_Old_Fashioned_Pizzeria,Salvatore's Old Fashioned Pizzeria
City of Rochester,http://rocwiki.org/Crossroads_Coffeehouse,Crossroads Coffeehouse
City of Rochester,http://rocwiki.org/Flavors_of_Asia,Flavors of Asia
City of Rochester,http://rocwiki.org/Georgie%27s_Bakery,Georgie's Bakery
City of Rochester,http://rocwiki.org/Highland_Park_Diner,Highland Park Diner
City of Rochester,http://rocwiki.org/India_House,India House
City of Rochester,http://rocwiki.org/Ming%27s_Noodles,Ming's Noodles
City of Rochester,http://rocwiki.org/Rooney%27s,Rooney's
City of Rochester,http://rocwiki.org/Salvatore%27s_Old_Fashioned_Pizzeria,Salvatore's Old Fashioned Pizzeria
City of Rochester,http://rocwiki.org/Shiki,Shiki
City of Rochester,http://rocwiki.org/South_Wedge_Diner,South Wedge Diner
City of Rochester,http://rocwiki.org/Vinh-Hao_Music_%26_Video_and_Banh_Mi_Cafe,Vinh-Hao Music & Video and Banh Mi Cafe
City of Rochester,http://rocwiki.org/White_Swans_Asia_Caffe,White Swans Asia Caffe
City of Rochester,http://rocwiki.org/Zemeta_Ethiopian_Restaurant,Zemeta Ethiopian Restaurant
City of Rochester,http://rocwiki.org/Ray_Ray%27s_Bar_%26_Grill,Ray Ray's Bar & Grill
City of Rochester,http://rocwiki.org/Cam%27s_Pizzeria,Cam's Pizzeria
City of Rochester,http://rocwiki.org/The_Distillery,The Distillery
City of Rochester,http://rocwiki.org/Elmwood_Inn,Elmwood Inn
City of Rochester,http://rocwiki.org/Pellegrino%27s_Deli_Cafe,Pellegrino's Deli Cafe
City of Rochester,http://rocwiki.org/Tim_Hortons,Tim Hortons
City of Rochester,http://rocwiki.org/Burger_King,Burger King
City of Rochester,http://rocwiki.org/DiGiacco%E2%80%99s_Pizzeria,DiGiacco’s Pizzeria
City of Rochester,http://rocwiki.org/Dunkin%27_Donuts,Dunkin' Donuts
City of Rochester,http://rocwiki.org/Lacagnina%27s_Italian_Deli,Lacagnina's Italian Deli
City of Rochester,http://rocwiki.org/McDonald%27s,McDonald's
City of Rochester,http://rocwiki.org/Parma_Johnny%27s_Italian_Grill,Parma Johnny's Italian Grill
City of Rochester,http://rocwiki.org/Pho_Duong_Dong,Pho Duong Dong
City of Rochester,http://rocwiki.org/Super_Wing_Chinese,Super Wing Chinese
City of Rochester,http://rocwiki.org/Tim_Hortons,Tim Hortons
City of Rochester,http://rocwiki.org/Barnard_Crossings_Bar_and_Grill,Barnard Crossings Bar and Grill
City of Rochester,http://rocwiki.org/Bathtub_Billy%27s,Bathtub Billy's
City of Rochester,http://rocwiki.org/California_Brew_Haus,California Brew Haus
City of Rochester,http://rocwiki.org/Checker_Flag_Pizza,Checker Flag Pizza
City of Rochester,http://rocwiki.org/Chinese_Hometown_Restaurant,Chinese Hometown Restaurant
City of Rochester,http://rocwiki.org/Code_7_Burgers_%26_Beans,Code 7 Burgers & Beans
City of Rochester,http://rocwiki.org/El_Coqui_Restaurant,El Coqui Restaurant
City of Rochester,http://rocwiki.org/El%27s_Delicatessen,El's Delicatessen
City of Rochester,http://rocwiki.org/H_%26_A_Deli,H & A Deli
City of Rochester,http://rocwiki.org/Maplewood_Cafe,Maplewood Cafe
City of Rochester,http://rocwiki.org/McGinnity%27s_Restaurant_%26_Party_House,McGinnity's Restaurant & Party House
City of Rochester,http://rocwiki.org/Patti%27s_Pantry,Patti's Pantry
City of Rochester,http://rocwiki.org/Peppermill_Restaurant,Peppermill Restaurant
City of Rochester,http://rocwiki.org/Pizza_Hut,Pizza Hut
City of Rochester,http://rocwiki.org/Ralf%27s_European_Meats_and_Delicatessen,Ralf's European Meats and Delicatessen
City of Rochester,http://rocwiki.org/Rincon_Criollo,Rincon Criollo
City of Rochester,http://rocwiki.org/Salvatore%27s_Old_Fashioned_Pizzeria,Salvatore's Old Fashioned Pizzeria
City of Rochester,http://rocwiki.org/Subway_Restaurants,Subway
City of Rochester,http://rocwiki.org/Taco_Bell,Taco Bell
City of Rochester,http://rocwiki.org/Taste_Delicious,Taste Delicious
City of Rochester,http://rocwiki.org/Tim_Hortons,Tim Hortons
City of Rochester,http://rocwiki.org/Unlimited_Seafood,Unlimited Seafood
City of Rochester,http://rocwiki.org/Welker%27s_Grill,Welker's Grill
City of Rochester,http://rocwiki.org/West_Winds_Cafe,West Winds Cafe
City of Rochester,http://rocwiki.org/Yummy_House,Yummy House
City of Rochester,http://rocwiki.org/Market_District,Market District
City of Rochester,http://rocwiki.org/Aladdin%27s_Natural_Eatery,Aladdin's Natural Eatery
City of Rochester,http://rocwiki.org/Arby%27s,Arby's
City of Rochester,http://rocwiki.org/Astoria,Astoria
City of Rochester,http://rocwiki.org/The_Avenue_Diner,The Avenue Diner
City of Rochester,http://rocwiki.org/Avenue_Eatery,Avenue Eatery
City of Rochester,http://rocwiki.org/Big_Deal_Pizzeria,Big Deal Pizzeria
City of Rochester,http://rocwiki.org/Brickwood_Grill,Brickwood Grill
City of Rochester,http://rocwiki.org/Bruegger%27s,Bruegger's
City of Rochester,http://rocwiki.org/Dac_Hoa,Dac Hoa
City of Rochester,http://rocwiki.org/Dogtown_Hots,Dogtown Hots
City of Rochester,http://rocwiki.org/Domino%27s_Pizza,Domino's Pizza
City of Rochester,http://rocwiki.org/Dunkin%27_Donuts,Dunkin' Donuts
City of Rochester,http://rocwiki.org/Jimmy_John%27s_Gourmet_Sandwiches,Jimmy John's
City of Rochester,http://rocwiki.org/Han_Noodle_Bar,Han Noodle Bar
City of Rochester,http://rocwiki.org/Little_Caesars_Pizza,Little Caesars Pizza
City of Rochester,http://rocwiki.org/Mark%27s_Pizzeria,Mark's Pizzeria
City of Rochester,http://rocwiki.org/Mark%27s_Texas_Hots,Mark's Texas Hots
City of Rochester,http://rocwiki.org/McDonald%27s,McDonald's
City of Rochester,http://rocwiki.org/Natural_Oasis_Cafe,Natural Oasis Cafe
City of Rochester,http://rocwiki.org/Pho_Viet_Asian_Noodle_Bar,Pho Viet Asian Noodle Bar
City of Rochester,http://rocwiki.org/Pizza_Hut,Pizza Hut
City of Rochester,http://rocwiki.org/Plum_House,Plum House
City of Rochester,http://rocwiki.org/Rocco,Rocco
City of Rochester,http://rocwiki.org/SEA_Restaurant,SEA Restaurant
City of Rochester,http://rocwiki.org/Sol_Burrito,Sol Burrito
City of Rochester,http://rocwiki.org/South_Wedge_Hots_%26_Subs,South Wedge Hots & Subs
City of Rochester,http://rocwiki.org/Starbucks,Starbucks
City of Rochester,http://rocwiki.org/Subway_Restaurants,Subway
City of Rochester,http://rocwiki.org/Texas_Blues_BBQ,Texas Blues BBQ
City of Rochester,http://rocwiki.org/Voula%27s_Greek_Sweets,Voula's Greek Sweets
City of Rochester,http://rocwiki.org/California_Rollin%27,California Rollin'
City of Rochester,http://rocwiki.org/Chocolate_and_Vines,Chocolate and Vines
City of Rochester,http://rocwiki.org/Dark_Horse_Coffee,Dark Horse Coffee
City of Rochester,http://rocwiki.org/Edible%27s,Edible's
City of Rochester,http://rocwiki.org/Espada_Brazilian_Steak,Espada Brazilian Steak
City of Rochester,http://rocwiki.org/Gate_House_Cafe,Gate House Cafe
City of Rochester,http://rocwiki.org/Good_Luck,Good Luck
City of Rochester,http://rocwiki.org/Hot_Shots,Hot Shots
City of Rochester,http://rocwiki.org/Lento,Lento
City of Rochester,http://rocwiki.org/Salena%27s_Mexican_Restaurant,Salena's Mexican Restaurant
City of Rochester,http://rocwiki.org/Starry_Nites_Cafe,Starry Nites Cafe
City of Rochester,http://rocwiki.org/Bay_Goodman_Pizza,Bay Goodman Pizza
City of Rochester,http://rocwiki.org/Balsam_Bagels,Balsam Bagels
City of Rochester,http://rocwiki.org/Captain_Jim%27s,Captain Jim's
City of Rochester,http://rocwiki.org/Captain_Tony%27s_Pizza_%26_Pasta_Emporium,Captain Tony's Pizza & Pasta Emporium
City of Rochester,http://rocwiki.org/Carroll%27s_Bar_and_Restaurant,Carroll's Bar and Restaurant
City of Rochester,http://rocwiki.org/China_Garden_Kitchen,China Garden Kitchen
City of Rochester,http://rocwiki.org/Golden_Fox_Restaurant,Golden Fox Restaurant
City of Rochester,http://rocwiki.org/Greenhouse_Cafe,Greenhouse Cafe
City of Rochester,http://rocwiki.org/James_Brown%27s,James Brown's
City of Rochester,http://rocwiki.org/Jim%27s_Restaurant,Jim's Restaurant
City of Rochester,http://rocwiki.org/Liberty_Family_Restaurant,Liberty Family Restaurant
City of Rochester,http://rocwiki.org/Morningstar_Restaurant,Morningstar Restaurant
City of Rochester,http://rocwiki.org/Nino%27s_Pizzeria_and_Focacceria,Nino's Pizzeria and Focacceria
City of Rochester,http://rocwiki.org/Pasta_Chef_To_Go,Pasta Chef To Go
City of Rochester,http://rocwiki.org/Remington%27s,Remington's
City of Rochester,http://rocwiki.org/Rhino%27s_Pizzeria_%26_Deli,Rhino's Pizzeria & Deli
City of Rochester,http://rocwiki.org/Rizzi%27s_Restaurant_and_Bar,Rizzi's Restaurant and Bar
City of Rochester,http://rocwiki.org/Rochester_Hots,Rochester Hots
City of Rochester,http://rocwiki.org/Salvatore%27s_Old_Fashioned_Pizzeria,Salvatore's Old Fashioned Pizzeria
City of Rochester,http://rocwiki.org/Winfield_Grill,Winfield Grill
City of Rochester,http://rocwiki.org/Wintonaire,Wintonaire
City of Rochester,http://rocwiki.org/Culver_Hots,Culver Hots
City of Rochester,http://rocwiki.org/Domino%27s,Domino's
City of Rochester,http://rocwiki.org/Donuts_Delite,Donuts Delite
City of Rochester,http://rocwiki.org/Dunkin%27_Donuts,Dunkin' Donuts
City of Rochester,http://rocwiki.org/Gregorio%27s,Gregorio's
City of Rochester,http://rocwiki.org/Pudgie%27s_Pizza,Pudgie's Pizza
City of Rochester,http://rocwiki.org/Riccardo%27s_Italian_Bakery,Riccardo's Italian Bakery
City of Rochester,http://rocwiki.org/Bacco%27s_Ristorante,Bacco's Ristorante
City of Rochester,http://rocwiki.org/Blu_Wolf_Bistro,Blu Wolf Bistro
City of Rochester,http://rocwiki.org/Boulder_Coffee_Co.,Boulder Coffee Co.
City of Rochester,http://rocwiki.org/Charlie%27s_Frog_Pond,Charlie's Frog Pond
City of Rochester,http://rocwiki.org/Cheese_Masters,Cheese Masters
City of Rochester,http://rocwiki.org/Chester_Cab_Pizza,Chester Cab Pizza
City of Rochester,http://rocwiki.org/Cibon,Cibon
City of Rochester,http://rocwiki.org/Dorado,Dorado
City of Rochester,http://rocwiki.org/Esan,Esan
City of Rochester,http://rocwiki.org/French_Quarter_Cafe,French Quarter Cafe
City of Rochester,http://rocwiki.org/Furoshiki,Furoshiki
City of Rochester,http://rocwiki.org/Great_Harvest_Bread_Company,Great Harvest Bread Company
City of Rochester,http://rocwiki.org/Hogans_Hideaway,Hogans Hideaway
City of Rochester,http://rocwiki.org/Jembetat_Gallery_and_Cafe,Jembetat Gallery and Cafe
City of Rochester,http://rocwiki.org/Jine%27s,Jine's
City of Rochester,http://rocwiki.org/Just_Juice,Just Juice
City of Rochester,http://rocwiki.org/La-Tea-Da%21_Tea_Room_and_Parlour,La-Tea-Da! Tea Room and Parlour
City of Rochester,http://rocwiki.org/Magnolia%27s_Deli_%26_Cafe,Magnolia's Deli & Cafe
City of Rochester,http://rocwiki.org/Magpie,Magpie
City of Rochester,http://rocwiki.org/Marvin_Mozzeroni%27s,Marvin Mozzeroni's
City of Rochester,http://rocwiki.org/Nathan%27s_Soup_%26_Salad,Nathan's Soup & Salad
City of Rochester,http://rocwiki.org/Park_Avenue_Pub,Park Avenue Pub
City of Rochester,http://rocwiki.org/The_Red_Fern,The Red Fern
City of Rochester,http://rocwiki.org/Roam_Cafe,Roam Cafe
City of Rochester,http://rocwiki.org/Sinbad%27s,Sinbad's
City of Rochester,http://rocwiki.org/Deli_Sandros,Deli Sandros
City of Rochester,http://rocwiki.org/Kneel_%26_Neal_Southern_Cuisine,Kneel & Neal Southern Cuisine
City of Rochester,http://rocwiki.org/Banzai_Sushi_Bar_%26_Lounge,Banzai Sushi Bar & Lounge
City of Rochester,http://rocwiki.org/Beale_Street_Cafe,Beale Street Cafe
City of Rochester,http://rocwiki.org/Boulder_Coffee_Co.,Boulder Coffee Co.
City of Rochester,http://rocwiki.org/Cheshire,Cheshire
City of Rochester,http://rocwiki.org/Equal_Grounds,Equal Grounds
City of Rochester,http://rocwiki.org/Harry_G%27s_NY_Deli_%26_Cafe,Harry G's NY Deli & Cafe
City of Rochester,http://rocwiki.org/John%27s_Tex-Mex_Eatery,John's Tex-Mex Eatery
City of Rochester,http://rocwiki.org/La_Casa_Restaurant,La Casa Restaurant
City of Rochester,http://rocwiki.org/Lin%27s_Garden,Lin's Garden
City of Rochester,http://rocwiki.org/Little_Venice_Pizza,Little Venice Pizza
City of Rochester,http://rocwiki.org/Mise_en_Place_Market,Mise en Place Market
City of Rochester,http://rocwiki.org/Napa_Wood_Fired_Pizzeria,Napa Wood Fired Pizzeria
City of Rochester,http://rocwiki.org/Open_Face_Sandwich_Eatery,Open Face Sandwich Eatery
City of Rochester,http://rocwiki.org/Pat%27s_Coffee_Mug,Pat's Coffee Mug
City of Rochester,http://rocwiki.org/Peppa_Pot_Restaurant,Peppa Pot Restaurant
City of Rochester,http://rocwiki.org/Savory_Thyme,Savory Thyme
City of Rochester,http://rocwiki.org/White_Swans_Asia_Caffe,White Swans Asia Caffe
City of Rochester,http://rocwiki.org/Zeppa_Bistro,Zeppa Bistro
City of Rochester,http://rocwiki.org/1872_Cafe,1872 Cafe
City of Rochester,http://rocwiki.org/China_Star,China Star
City of Rochester,http://rocwiki.org/Golden_Unicorn,Golden Unicorn
City of Rochester,http://rocwiki.org/MJ_Daily_Bread,MJ Daily Bread
City of Rochester,http://rocwiki.org/Mattie%E2%80%99s_Restaurant_and_Bakery,Mattie’s Restaurant and Bakery
City of Rochester,http://rocwiki.org/Nick_Tahou%27s,Nick Tahou's
City of Rochester,http://rocwiki.org/Antonetta%27s_Restaurant,Antonetta's Restaurant
City of Rochester,http://rocwiki.org/Salvatore%27s_Old_Fashioned_Pizzeria,Salvatore's Old Fashioned Pizzeria
City of Rochester,http://rocwiki.org/Subway_Restaurants,Subway
City of Rochester,http://rocwiki.org/Tim_Hortons,Tim Hortons
City of Rochester,http://rocwiki.org/Wilshire_Restaurant_%26_Catering,Wilshire Restaurant & Catering
City of Rochester,http://rocwiki.org/Dee%27s_Model_Diner,Dee's Model Diner
City of Rochester,http://rocwiki.org/Genesee_Brew_House,Genesee Brew House
City of Rochester,http://rocwiki.org/McDonald%27s,McDonald's
City of Rochester,http://rocwiki.org/New_Ming,New Ming
City of Rochester,http://rocwiki.org/TRATA,TRATA
City of Rochester,http://rocwiki.org/Abyssinia,Abyssinia
City of Rochester,http://rocwiki.org/Bruegger%27s,Bruegger's
City of Rochester,http://rocwiki.org/Bunga_Burger_Bar,Bunga Burger Bar
City of Rochester,http://rocwiki.org/Burger_King,Burger King
City of Rochester,http://rocwiki.org/Chipotle_Mexican_Grill,Chipotle Mexican Grill
City of Rochester,http://rocwiki.org/Country_Sweet,Country Sweet
City of Rochester,http://rocwiki.org/Domino%27s,Domino's
City of Rochester,http://rocwiki.org/Dunkin%27_Donuts,Dunkin' Donuts
City of Rochester,http://rocwiki.org/Jing_Li,Jing Li
City of Rochester,http://rocwiki.org/McDonald%27s,McDonald's
City of Rochester,http://rocwiki.org/Mr._Shoes,Mr. Shoes
City of Rochester,http://rocwiki.org/Mt._Hope_Diner,Mt. Hope Diner
City of Rochester,http://rocwiki.org/New_Number_One,New Number One
City of Rochester,http://rocwiki.org/Pontillo%27s,Pontillo's
City of Rochester,http://rocwiki.org/Rubino%27s,Rubino's
City of Rochester,http://rocwiki.org/SEA_Restaurant,SEA Restaurant
City of Rochester,http://rocwiki.org/Sheridan%27s_Pub,Sheridan's Pub
City of Rochester,http://rocwiki.org/Subway_Restaurants,Subway
City of Rochester,http://rocwiki.org/Sultan,Sultan
City of Rochester,http://rocwiki.org/Wendy%27s,Wendy's
City of Rochester,http://rocwiki.org/Marshall_Street_Bar_and_Grill,Marshall Street Bar and Grill
City of Rochester,http://rocwiki.org/The_Owl_House,The Owl House
City of Rochester,http://rocwiki.org/Rocco,Rocco
Chili,http://rocwiki.org/China_King,China King
Chili,http://rocwiki.org/Colombini%27s_Deli,Colombini's Deli
Chili,http://rocwiki.org/Golden_Garden,Golden Garden
Chili,http://rocwiki.org/Guetti%27s_Pizza_%26_Subs,Guetti's Pizza & Subs
Chili,http://rocwiki.org/Itacate,Itacate
Chili,http://rocwiki.org/Jet_Diner,Jet Diner
Chili,http://rocwiki.org/Nick%27s_Pizza_%26_Subs,Nick's Pizza & Subs
Chili,http://rocwiki.org/North_Chili_Family_Restaurant,North Chili Family Restaurant
Chili,http://rocwiki.org/Phil%27s_Pizza,Phil's Pizza
Chili,http://rocwiki.org/Pontillo%27s,Pontillo's
Chili,http://rocwiki.org/Six50,Six50
Chili,http://rocwiki.org/Sylvio%27s_Pizzeria_and_Catering,Sylvio's Pizzeria and Catering
Chili,http://rocwiki.org/Town_and_Country_Family_Restaurant,Town and Country Family Restaurant
Chili,http://rocwiki.org/Good_Guys_Pizza,Good Guys Pizza
Chili,http://rocwiki.org/Acropolis_Restaurant,Acropolis Restaurant
Chili,http://rocwiki.org/Bill_Gray%27s,Bill Gray's
Chili,http://rocwiki.org/Osaka_Sushi,Osaka Sushi
Chili,http://rocwiki.org/Subway_Restaurants,Subway Restaurants
East Rochester,http://rocwiki.org/Bistro_135,Bistro 135
East Rochester,http://rocwiki.org/Crust_Pizza_Kitchen,Crust Pizza Kitchen
East Rochester,http://rocwiki.org/Good_Smoke_BBQ,Good Smoke BBQ
East Rochester,http://rocwiki.org/Lemoncello_Italian_Restaurant_%26_Bar,Lemoncello Italian Restaurant & Bar
East Rochester,http://rocwiki.org/Leo%27s_Elite_Bakery,Leo's Elite Bakery
East Rochester,http://rocwiki.org/McGraw%27s_Irish_Pub,McGraw's Irish Pub
East Rochester,http://rocwiki.org/New_Yorker%27s,New Yorker's
East Rochester,http://rocwiki.org/Northside_Inn,Northside Inn
East Rochester,http://rocwiki.org/Pellegrino%27s_Deli_Cafe,Pellegrino's Deli Cafe
East Rochester,http://rocwiki.org/Perlo%27s,Perlo's
East Rochester,http://rocwiki.org/Roma%27s_Italian_Cafe,Roma's Italian Cafe
East Rochester,http://rocwiki.org/Rubino%27s,Rubino's
East Rochester,http://rocwiki.org/Salvatore%27s_Old_Fashioned_Pizzeria,Salvatore's Old Fashioned Pizzeria
East Rochester,http://rocwiki.org/Surace%27s_Pizza_%26_Subs,Surace's Pizza & Subs
East Rochester,http://rocwiki.org/Take-A-Break_Family_Restaurant,Take-A-Break Family Restaurant
East Rochester,http://rocwiki.org/Village_Way_Pizzeria,Village Way Pizzeria
East Rochester,http://rocwiki.org/Wendy%27s,Wendy's
Fairport / Perinton,http://rocwiki.org/Aja_Noodle_Company,Aja Noodle Company
Fairport / Perinton,http://rocwiki.org/Applebee%27s,Applebee's
Fairport / Perinton,http://rocwiki.org/Argyle_Grill,Argyle Grill
Fairport / Perinton,http://rocwiki.org/The_Basin_Pub,The Basin Pub
Fairport / Perinton,http://rocwiki.org/Big_Al%27s_Empanada_Express,Big Al's Empanada Express
Fairport / Perinton,http://rocwiki.org/Bill_Gray%27s,Bill Gray's
Fairport / Perinton,http://rocwiki.org/Bistro_Han,Bistro Han
Fairport / Perinton,http://rocwiki.org/Blue_Cactus_Mexican_Grille,Blue Cactus Mexican Grille
Fairport / Perinton,http://rocwiki.org/Bocaccinis,Bocaccinis
Fairport / Perinton,http://rocwiki.org/Bruegger%27s,Bruegger's
Fairport / Perinton,http://rocwiki.org/The_Cellar_Door,The Cellar Door
Fairport / Perinton,http://rocwiki.org/Chakara_Bistro_%26_Bar,Chakara Bistro & Bar
Fairport / Perinton,http://rocwiki.org/China_King_%28Fairport%29,China King (Fairport)
Fairport / Perinton,http://rocwiki.org/Clawson%27s_Deli_and_Grocery,Clawson's Deli and Grocery
Fairport / Perinton,http://rocwiki.org/Compane_Brick_Oven_Bistro,Compane Brick Oven Bistro
Fairport / Perinton,http://rocwiki.org/Costello%27s_Pizza_Emporium,Costello's Pizza Emporium
Fairport / Perinton,http://rocwiki.org/Denny%27s,Denny's
Fairport / Perinton,http://rocwiki.org/DiBella%27s,DiBella's
Fairport / Perinton,http://rocwiki.org/Donnelly%27s_Public_House,Donnelly's Public House
Fairport / Perinton,http://rocwiki.org/Durf%27s_Family_Restaurant,Durf's Family Restaurant
Fairport / Perinton,http://rocwiki.org/Eastside_Cafe,Eastside Cafe
Fairport / Perinton,http://rocwiki.org/Fairfields_Grill,Fairfields Grill
Fairport / Perinton,http://rocwiki.org/Fairport_Hots,Fairport Hots
Fairport / Perinton,http://rocwiki.org/Fairport_Village_Inn,Fairport Village Inn
Fairport / Perinton,http://rocwiki.org/Glengarry_Inn,Glengarry Inn
Fairport / Perinton,http://rocwiki.org/Golden_Phoenix,Golden Phoenix
Fairport / Perinton,http://rocwiki.org/Headliners_Pizza,Headliners Pizza
Fairport / Perinton,http://rocwiki.org/Horizons,Horizons
Fairport / Perinton,http://rocwiki.org/J_%26_L%27s_Pizza_Korner,J & L's Pizza Korner
Fairport / Perinton,http://rocwiki.org/Joey_B%27s,Joey B's
Fairport / Perinton,http://rocwiki.org/Jozeppi%27s_Pizzeria,Jozeppi's Pizzeria
Fairport / Perinton,http://rocwiki.org/The_Landing_Bar_and_Grille,"Landing Bar and Grille, The"
Fairport / Perinton,http://rocwiki.org/Mac%27s_Philly_Steaks,Mac's Philly Steaks
Fairport / Perinton,http://rocwiki.org/Mark%27s_Pizzeria,Mark's Pizzeria
Fairport / Perinton,http://rocwiki.org/McArdle%27s,McArdle's
Fairport / Perinton,http://rocwiki.org/McDonald%27s,McDonald's
Fairport / Perinton,http://rocwiki.org/Mulconry%27s,Mulconry's
Fairport / Perinton,http://rocwiki.org/Napa_Wood_Fired_Pizzeria,Napa Wood Fired Pizzeria
Fairport / Perinton,http://rocwiki.org/Panera_Bread,Panera Bread
Fairport / Perinton,http://rocwiki.org/Papa_John%27s,Papa John's
Fairport / Perinton,http://rocwiki.org/Perinton_Pizza,Perinton Pizza
Fairport / Perinton,http://rocwiki.org/The_Pizza_Chef,"Pizza Chef, The"
Fairport / Perinton,http://rocwiki.org/Pontillo%27s,Pontillo's
Fairport / Perinton,http://rocwiki.org/Rene%27s_Cafe,Rene's Cafe
Fairport / Perinton,http://rocwiki.org/Royal_Cafe,Royal Cafe
Fairport / Perinton,http://rocwiki.org/Riki%27s_Family_Restaurant,Riki's Family Restaurant
Fairport / Perinton,http://rocwiki.org/Sak%27s_Thai_Cuisine,Sak's Thai Cuisine
Fairport / Perinton,http://rocwiki.org/Sakura_Garden,Sakura Garden
Fairport / Perinton,http://rocwiki.org/salvatore%27s,Salvatore's
Fairport / Perinton,http://rocwiki.org/Shooters_Sports_Bar_%26_Grill,Shooters Sports Bar & Grill
Fairport / Perinton,http://rocwiki.org/Shorts_Bar_and_Grill,Shorts Bar and Grill
Fairport / Perinton,http://rocwiki.org/T.K.%27s_Pizzeria,T.K.'s Pizzeria
Fairport / Perinton,http://rocwiki.org/Tom_Wahl%27s,Tom Wahl's
Fairport / Perinton,http://rocwiki.org/Towpath_Cafe,Towpath Cafe
Fairport / Perinton,http://rocwiki.org/TR_Noonan%27s,TR Noonan's
Fairport / Perinton,http://rocwiki.org/Vinny%27s_Bakery_%26_Deli,Vinny's Bakery & Deli
Fairport / Perinton,http://rocwiki.org/Wendy%27s,Wendy's
Gates,http://rocwiki.org/Agatina%27s,Agatina's
Gates,http://rocwiki.org/Applebee%27s,Applebee's
Gates,http://rocwiki.org/Blu_Bar_%26_Grill,Blu Bar & Grill
Gates,http://rocwiki.org/Calabria%27s,Calabria's
Gates,http://rocwiki.org/China_Wok,China Wok
Gates,http://rocwiki.org/Delinda%27s,Delinda's
Gates,http://rocwiki.org/Delta_House,Delta House
Gates,http://rocwiki.org/Edoya,Edoya
Gates,http://rocwiki.org/Elm_Grove_Family_Restaurant,Elm Grove Family Restaurant
Gates,http://rocwiki.org/Ezzy%27s_Restaurant,Ezzy's Restaurant
Gates,http://rocwiki.org/Fiamma,Fiamma
Gates,http://rocwiki.org/Giuseppe%27s,Giuseppe's
Gates,http://rocwiki.org/The_Infield,The Infield
Gates,http://rocwiki.org/Jack%27ss_BBQ_%26_Pizza,Jack'ss BBQ & Pizza
Gates,http://rocwiki.org/Mac%27s_Pizzeria_%26_Grill,Mac's Pizzeria & Grill
Gates,http://rocwiki.org/Martino%27s_Restaurant,Martino's Restaurant
Gates,http://rocwiki.org/Mr._Beenz_Diner,Mr. Beenz Diner
Gates,http://rocwiki.org/Olympia_Family_Restaurant,Olympia Family Restaurant
Gates,http://rocwiki.org/Palermo%27s_Subs_%26_Pizza,Palermo's Subs & Pizza
Gates,http://rocwiki.org/Papa_Joe%27s_Italian_Eatery,Papa Joe's Italian Eatery
Gates,http://rocwiki.org/Perri%27s_Pizzeria,Perri's Pizzeria
Gates,http://rocwiki.org/Pixley%27s,Pixley's
Gates,http://rocwiki.org/Rick%27s_Prime_Rib_House,Rick's Prime Rib House
Gates,http://rocwiki.org/Rohrbach_Brewery,Rohrbach Brewery
Gates,http://rocwiki.org/Rookies_Neighborhood_Sports_Bar,Rookies Neighborhood Sports Bar
Gates,http://rocwiki.org/Savastano%27s_Pizzeria_%26_Bakery,Savastano's Pizzeria & Bakery
Gates,http://rocwiki.org/Westgate_Family_Restaurant,Westgate Family Restaurant
Gates,http://rocwiki.org/Wimpy%27s_Burger_Basket,Wimpy's Burger Basket
Gates,http://rocwiki.org/Yianni%27s_Steak_and_Steakfood,Yianni's Steak and Steakfood
Greece,http://rocwiki.org/Alfano%27s,Alfano's
Greece,http://rocwiki.org/Bathtub_Billy%27s,Bathtub Billy's
Greece,http://rocwiki.org/Bella_Pasta_Cafe,Bella Pasta Cafe
Greece,http://rocwiki.org/Bernard%27s_Grove,Bernard's Grove
Greece,http://rocwiki.org/Blue_Ocean_Japanese_Restaurant,Blue Ocean Japanese Restaurant
Greece,http://rocwiki.org/Chili%27s,Chili's
Greece,http://rocwiki.org/China_Buffet,China Buffet
Greece,http://rocwiki.org/Davinci_of_Greece,Davinci of Greece
Greece,http://rocwiki.org/Delinda%27s,Delinda's
Greece,http://rocwiki.org/Famous_Dave%27s,Famous Dave's
Greece,http://rocwiki.org/Forklift_Cafe,Forklift Cafe
Greece,http://rocwiki.org/Fu_Lin_Chinese_Kitchen,Fu Lin Chinese Kitchen
Greece,http://rocwiki.org/Gallo%27s_Pizza_%26_Subs,Gallo's Pizza & Subs
Greece,http://rocwiki.org/Grande_Amore_Pizza,Grande Amore Pizza
Greece,http://rocwiki.org/Grand_Super_Buffet,Grand Super Buffet
Greece,http://rocwiki.org/Greece_China,Greece China
Greece,http://rocwiki.org/Greece_Ridge_Family_Restaurant,Greece Ridge Family Restaurant
Greece,http://rocwiki.org/International_Buffet,International Buffet
Greece,http://rocwiki.org/Kip%27s_Pizzeria_Americana,Kip's Pizzeria Americana
Greece,http://rocwiki.org/Kobe_Steak_House,Kobe Steak House
Greece,http://rocwiki.org/La_Famiglia_Pizzeria,La Famiglia Pizzeria
Greece,http://rocwiki.org/The_Lamplighter_Restaurant,The Lamplighter Restaurant
Greece,http://rocwiki.org/Long_Pond_Family_Restaurant,Long Pond Family Restaurant
Greece,http://rocwiki.org/Los_Gallos,Los Gallos
Greece,http://rocwiki.org/Marvin_Mozzeroni%27s,Marvin Mozzeroni's
Greece,http://rocwiki.org/Masters_Seafood,Masters Seafood
Greece,http://rocwiki.org/Mel%27s_Diner,Mel's Diner
Greece,http://rocwiki.org/New_Fong_Kitchen,New Fong Kitchen
Greece,http://rocwiki.org/Olympia_Restaurant,Olympia Restaurant
Greece,http://rocwiki.org/Oriens_Cafe,Oriens Cafe
Greece,http://rocwiki.org/Outback_Steakhouse,Outback Steakhouse
Greece,http://rocwiki.org/Perri%27s_Pizzeria,Perri's Pizzeria
Greece,http://rocwiki.org/Pino%27s_Deli,Pino's Deli
Greece,http://rocwiki.org/Pizza_Stop,Pizza Stop
Greece,http://rocwiki.org/Red_Lobster,Red Lobster
Greece,http://rocwiki.org/Ricci%27s_Family_Restaurant,Ricci's Family Restaurant
Greece,http://rocwiki.org/Romeo%27s,Romeo's
Greece,http://rocwiki.org/Russo%27s_Clubhouse_Pizza,Russo's Clubhouse Pizza
Greece,http://rocwiki.org/Taco_Bell,Taco Bell
Greece,http://rocwiki.org/Ting_Ho,Ting Ho
Greece,http://rocwiki.org/Tom_%26_Nancy%27s_Pizza,Tom & Nancy's Pizza
Greece,http://rocwiki.org/Tony%27s_Birdland_%26_Pizzeria,Tony's Birdland & Pizzeria
Greece,http://rocwiki.org/Trotto%27s_Pizzeria,Trotto's Pizzeria
Greece,http://rocwiki.org/Uncle_Eddie%27s_Pizzeria,Uncle Eddie's Pizzeria
Greece,http://rocwiki.org/Valicia%27s_Ristorante,Valicia's Ristorante
Greece,http://rocwiki.org/Wise_Guys_Diner,Wise Guys Diner
Greece,http://rocwiki.org/Chinatown_Restaurant,Chinatown Restaurant
Greece,http://rocwiki.org/Red_Fedele%27s_Brook_House,Red Fedele's Brook House
Greece,http://rocwiki.org/Taco_Bell,Taco Bell
Greece,http://rocwiki.org/Century_Buffet_King,Century Buffet King
Greece,http://rocwiki.org/Critics_on_the_Mall,Critics on the Mall
Greece,http://rocwiki.org/Friendly%27s,Friendly's
Greece,http://rocwiki.org/Panera_Bread,Panera Bread
Greece,http://rocwiki.org/Sarku_Japan,Sarku Japan
Greece,http://rocwiki.org/Sbarro,Sbarro
Greece,http://rocwiki.org/TGI_Friday%27s,TGI Friday's
Greece,http://rocwiki.org/Old_Country_Buffet,Old Country Buffet
Henrietta,http://rocwiki.org/Amiel%27s,Amiel's
Henrietta,http://rocwiki.org/Bombay_Chaat_House,Bombay Chaat House
Henrietta,http://rocwiki.org/Boston_Market,Boston Market
Henrietta,http://rocwiki.org/Bugaboo_Creek,Bugaboo Creek
Henrietta,http://rocwiki.org/Carrabba%27s_Italian_Grill,Carrabba's Italian Grill
Henrietta,http://rocwiki.org/Chili%27s,Chili's
Henrietta,http://rocwiki.org/China_Garden,China Garden
Henrietta,http://rocwiki.org/Cosimos_Pizza,Cosimos Pizza
Henrietta,http://rocwiki.org/Cracker_Barrel,Cracker Barrel
Henrietta,http://rocwiki.org/Denny%27s,Denny's
Henrietta,http://rocwiki.org/The_Distillery,The Distillery
Henrietta,http://rocwiki.org/El_Dorado_Mexican_Cuisine,El Dorado Mexican Cuisine
Henrietta,http://rocwiki.org/Guys_Pizza_Co.,Guys Pizza Co.
Henrietta,http://rocwiki.org/Haveli_Indian_Cuisine,Haveli Indian Cuisine
Henrietta,http://rocwiki.org/IHOP,IHOP
Henrietta,http://rocwiki.org/Infantino%27s_Market_Restaurant,Infantino's Market Restaurant
Henrietta,http://rocwiki.org/Jimmy_John%27s_Gourmet_Sandwiches,Jimmy John's Gourmet Sandwiches
Henrietta,http://rocwiki.org/Kenna%27s_Diner,Kenna's Diner
Henrietta,http://rocwiki.org/King_and_I,King and I
Henrietta,http://rocwiki.org/Joe%27s_Crab_Shack,Joe's Crab Shack
Henrietta,http://rocwiki.org/Ken%27s_Pizza_Corner,Ken's Pizza Corner
Henrietta,http://rocwiki.org/Lucci%27s_Pizza_%26_Grill,Lucci's Pizza & Grill
Henrietta,http://rocwiki.org/Lunch_Box_Spot,Lunch Box Spot
Henrietta,http://rocwiki.org/MacGregor%27s,MacGregor's
Henrietta,http://rocwiki.org/Mariachi_Mexican_Grill,Mariachi Mexican Grill
Henrietta,http://rocwiki.org/Marvin_Mozzeroni%27s,Marvin Mozzeroni's
Henrietta,http://rocwiki.org/The_Melting_Pot,The Melting Pot
Henrietta,http://rocwiki.org/Mighty_Taco,Mighty Taco
Henrietta,http://rocwiki.org/New_Cantonese,New Cantonese
Henrietta,http://rocwiki.org/Nick_Tahou%27s,Nick Tahou's
Henrietta,http://rocwiki.org/Olive_Garden,Olive Garden
Henrietta,http://rocwiki.org/Outback_Steakhouse,Outback Steakhouse
Henrietta,http://rocwiki.org/Papaya_Asian_Kitchen_%26_Bar,Papaya Asian Kitchen & Bar
Henrietta,http://rocwiki.org/Peppermints_Restaurant,Peppermints Restaurant
Henrietta,http://rocwiki.org/Pickle_Nick%27s,Pickle Nick's
Henrietta,http://rocwiki.org/Red_Lobster,Red Lobster
Henrietta,http://rocwiki.org/Salsarita%27s_Fresh_Cantina,Salsarita's Fresh Cantina
Henrietta,http://rocwiki.org/Shanghai,Shanghai
Henrietta,http://rocwiki.org/Sodam_Korean_Restaurant,Sodam Korean Restaurant
Henrietta,http://rocwiki.org/Sticky_Lips_Pit_BBQ,Sticky Lips Pit BBQ
Henrietta,http://rocwiki.org/Taco_Bell,Taco Bell
Henrietta,http://rocwiki.org/Texas_Roadhouse,Texas Roadhouse
Henrietta,http://rocwiki.org/Tim_Hortons,Tim Hortons
Henrietta,http://rocwiki.org/Tokyo_Japanese_Restaurant,Tokyo Japanese Restaurant
Henrietta,http://rocwiki.org/Tony_Pepperoni,Tony Pepperoni
Henrietta,http://rocwiki.org/Uno_Chicago_Grill,Uno Chicago Grill
Henrietta,http://rocwiki.org/Wendy%27s,Wendy's
Henrietta,http://rocwiki.org/Wings_Over_Rochester,Wings Over Rochester
Henrietta,http://rocwiki.org/Young%27s_Korean_Restaurant,Young's Korean Restaurant
Henrietta,http://rocwiki.org/Bill_Gray%27s,Bill Gray's
Henrietta,http://rocwiki.org/Full_Belly_Deli,Full Belly Deli
Henrietta,http://rocwiki.org/Tully%27s,Tully's
Henrietta,http://rocwiki.org/Burger_King,Burger King
Henrietta,http://rocwiki.org/CiCi%27s_Pizza,CiCi's Pizza
Henrietta,http://rocwiki.org/Dairy_Queen,Dairy Queen
Henrietta,http://rocwiki.org/Five_Guys_Burgers_and_Fries,Five Guys Burgers and Fries
Henrietta,http://rocwiki.org/Grand_Super_Buffet,Grand Super Buffet
Henrietta,http://rocwiki.org/Joe%27s_Brooklyn_Pizza,Joe's Brooklyn Pizza
Henrietta,http://rocwiki.org/Moe%27s_Southwest_Grill,Moe's Southwest Grill
Henrietta,http://rocwiki.org/The_Pita_Pit,The Pita Pit
Henrietta,http://rocwiki.org/Subway_Restaurants,Subway Restaurants
Henrietta,http://rocwiki.org/Calios,Calios
Henrietta,http://rocwiki.org/China_Buffet,China Buffet
Henrietta,http://rocwiki.org/International_Food_Market,International Food Market
Henrietta,http://rocwiki.org/Subway_Restaurants,Subway Restaurants
Henrietta,http://rocwiki.org/Tandoor_of_India,Tandoor of India
Henrietta,http://rocwiki.org/Buffalo_Wild_Wings_Grill_%26_Bar,Buffalo Wild Wings Grill & Bar
Henrietta,http://rocwiki.org/Chipotle_Mexican_Grill,Chipotle Mexican Grill
Henrietta,http://rocwiki.org/DiBella%27s,Dibella's
Henrietta,http://rocwiki.org/Great_Northern_Pizza_Kitchens,Great Northern Pizza Kitchens
Henrietta,http://rocwiki.org/LongHorn_Steakhouse,Longhorn Steakhouse
Henrietta,http://rocwiki.org/Red_Robin,Red Robin
Henrietta,http://rocwiki.org/Romano%27s_Macaroni_Grill,Romano's Macaroni Grill
Henrietta,http://rocwiki.org/Aladdin%27s_Natural_Eatery,Aladdin's Natural Eatery
Henrietta,http://rocwiki.org/Lovin%27_Cup,lovin' cup
Henrietta,http://rocwiki.org/Paradiso_Pizza,Paradiso Pizza
Henrietta,http://rocwiki.org/Wok_With_You,Wok With You
Henrietta,http://rocwiki.org/Bruegger%27s,Bruegger's
Henrietta,http://rocwiki.org/Hibachi_Sushi_Buffet,Hibachi Sushi Buffet
Henrietta,http://rocwiki.org/Jitters_Cafe,Jitters Cafe
Henrietta,http://rocwiki.org/Bob%27s_Diner,Bob's Diner
Henrietta,http://rocwiki.org/JB_Quimby%27s_Public_House,JB Quimby's Public House
Henrietta,http://rocwiki.org/Thali_of_India,Thali of India
Honeoye Falls,http://rocwiki.org/Critics_Family_Restaurant,Critics Family Restaurant
Honeoye Falls,http://rocwiki.org/Enjoy_Cafe,Enjoy Cafe
Honeoye Falls,http://rocwiki.org/Flaherty%27s_Three_Flags,Flaherty's Three Flags
Honeoye Falls,http://rocwiki.org/Guida%27s_Pizzeria,Guida's Pizzeria
Honeoye Falls,http://rocwiki.org/The_Brewery_Pub_%26_Grill,The Brewery Pub & Grill
Honeoye Falls,http://rocwiki.org/The_Rabbit_Room,The Rabbit Room
Irondequoit,http://rocwiki.org/2_Ton_Tony%27s,2 Ton Tony's
Irondequoit,http://rocwiki.org/Amico_Pizza,Amico Pizza
Irondequoit,http://rocwiki.org/Atlas_Eats,Atlas Eats
Irondequoit,http://rocwiki.org/Bay_Front_Restaurant,Bay Front Restaurant
Irondequoit,http://rocwiki.org/Carpani%27s,Carpani's
Irondequoit,http://rocwiki.org/East_Ridge_Diner_%26_Steakhouse,East Ridge Diner & Steakhouse
Irondequoit,http://rocwiki.org/East_Ridge_Family_Restaurant,East Ridge Family Restaurant
Irondequoit,http://rocwiki.org/Gigi%27s_Italian_Kitchen_%26_Catering,Gigi's Italian Kitchen & Catering
Irondequoit,http://rocwiki.org/Grand_Super_Buffet,Grand Super Buffet
Irondequoit,http://rocwiki.org/Gourmet_House,Gourmet House
Irondequoit,http://rocwiki.org/Guido%27s_Pasta_Villa,Guido's Pasta Villa
Irondequoit,http://rocwiki.org/IHOP,IHOP
Irondequoit,http://rocwiki.org/Italian_Osteria,Italian Osteria
Irondequoit,http://rocwiki.org/Kai_Jades_Chinese_Restaurant,Kai Jades Chinese Restaurant
Irondequoit,http://rocwiki.org/Keenan%27s_Restaurant,Keenan's Restaurant
Irondequoit,http://rocwiki.org/Kithno%27s_Seafood,Kithno's Seafood
Irondequoit,http://rocwiki.org/Marvin_Mozzeroni%27s,Marvin Mozzeroni's
Irondequoit,http://rocwiki.org/McNeill%27s_Public_House,McNeill's Public House
Irondequoit,http://rocwiki.org/Monte_Alban_Mexican_Grill,Monte Alban Mexican Grill
Irondequoit,http://rocwiki.org/Nick%27s_Sea_Breeze_Inn,Nick's Sea Breeze Inn
Irondequoit,http://rocwiki.org/Olive_Garden,Olive Garden
Irondequoit,http://rocwiki.org/Parkside_Diner,Parkside Diner
Irondequoit,http://rocwiki.org/Rick%27s_Place,Rick's Place
Irondequoit,http://rocwiki.org/Ridgeview_Family_Restaurant,Ridgeview Family Restaurant
Irondequoit,http://rocwiki.org/Sam%27s_Diner,Sam's Diner
Irondequoit,http://rocwiki.org/Schallers,Schallers
Irondequoit,http://rocwiki.org/Shogun_Palace,Shogun Palace
Irondequoit,http://rocwiki.org/Subway_Restaurants,Subway Restaurants
Irondequoit,http://rocwiki.org/Summerville_Grill,Summerville Grill
Irondequoit,http://rocwiki.org/Taste_of_China,Taste of China
Irondequoit,http://rocwiki.org/Uncle_Danny%27s_Family_Restaurant,Uncle Danny's Family Restaurant
Irondequoit,http://rocwiki.org/Vic_and_Irv%27s,Vic and Irv's
Irondequoit,http://rocwiki.org/Viet-Thai_Restaurant,Viet-Thai Restaurant
Lima,http://rocwiki.org/American_Hotel,American Hotel
Macedon,http://rocwiki.org/Flaherty%27s_Three_Flags,Flaherty's Three Flags
Penfield,http://rocwiki.org/All_Star_Pizza,All Star Pizza
Penfield,http://rocwiki.org/Angus_House_%26_Lounge,Angus House & Lounge
Penfield,http://rocwiki.org/Bazil,Bazil
Penfield,http://rocwiki.org/The_Beale,The Beale
Penfield,http://rocwiki.org/Billy%27s_Homestead,Billy's Homestead
Penfield,http://rocwiki.org/Browncroft_Family_Restaurant,Browncroft Family Restaurant
Penfield,http://rocwiki.org/Charley_Brown%27s_Restaurant,Charley Brown's Restaurant
Penfield,http://rocwiki.org/The_Clark_House,The Clark House
Penfield,http://rocwiki.org/Cornerstone_Restaurant_%26_Cafe,Cornerstone Restaurant & Cafe
Penfield,http://rocwiki.org/Dragon_House,Dragon House
Penfield,http://rocwiki.org/Empire_Pizza,Empire Pizza
Penfield,http://rocwiki.org/The_Grill_and_Tap_Room_at_Shadow_Lake,The Grill and Tap Room at Shadow Lake
Penfield,http://rocwiki.org/Hong_Wah_Chinese_Restaurant,Hong Wah Chinese Restaurant
Penfield,http://rocwiki.org/Itacate,Itacate
Penfield,http://rocwiki.org/Joey%27s_Pasta_House,Joey's Pasta House
Penfield,http://rocwiki.org/La_Bella_Vita,La Bella Vita
Penfield,http://rocwiki.org/Lasalle_Steak_%26_Crab,Lasalle Steak & Crab
Penfield,http://rocwiki.org/Lilian%27s_Restaurant_%26_Party_House,Lilian's Restaurant & Party House
Penfield,http://rocwiki.org/Lindburgers,Lindburgers
Penfield,http://rocwiki.org/Michael%27s_Valley_Grill,Michael's Valley Grill
Penfield,http://rocwiki.org/Monte_Alban_Mexican_Grill,Monte Alban Mexican Grill
Penfield,http://rocwiki.org/Monty%27s_Cafe,Monty's Cafe
Penfield,http://rocwiki.org/The_Original_Steves_Diner,The Original Steves Diner
Penfield,http://rocwiki.org/Pattaya_Thai,Pattaya Thai
Penfield,http://rocwiki.org/Rosey%27s_Italian_Cafe,Rosey's Italian Cafe
Penfield,http://rocwiki.org/Royal_Dynasty,Royal Dynasty
Penfield,http://rocwiki.org/Salvatore%27s_Old_Fashioned_Pizzeria,Salvatore's Old Fashioned Pizzeria
Penfield,http://rocwiki.org/Sanibel_Cottage,Sanibel Cottage
Penfield,http://rocwiki.org/Signatures_at_the_Humphrey_House,Signatures at the Humphrey House
Penfield,http://rocwiki.org/Sonny%27s_Deli,Sonny's Deli
Penfield,http://rocwiki.org/Spring_Garden,Spring Garden
Penfield,http://rocwiki.org/Sully%27s_Family_Pizzeria,Sully's Family Pizzeria
Penfield,http://rocwiki.org/Sushi_King,Sushi King
Penfield,http://rocwiki.org/Taco_Bell,Taco Bell
Penfield,http://rocwiki.org/Tandoor_Flame,Tandoor Flame
Penfield,http://rocwiki.org/T-Bones_Steakhouse,T-Bones Steakhouse
Penfield,http://rocwiki.org/Beale_Street_Cafe,Beale Street Cafe
Penfield,http://rocwiki.org/Chili%27s,Chili's
Penfield,http://rocwiki.org/DiBella%27s,DiBella's
Penfield,http://rocwiki.org/Flaherty%27s_Three_Flags,Flaherty's Three Flags
Penfield,http://rocwiki.org/McDonald%27s,McDonald's
Penfield,http://rocwiki.org/Pizza_Hut,Pizza Hut
Penfield,http://rocwiki.org/Phuket_Thai,Phuket Thai
Penfield,http://rocwiki.org/Bruegger%27s,Bruegger's
Penfield,http://rocwiki.org/Burger_King,Burger King
Penfield,http://rocwiki.org/George%27s_Restaurant,George's Restaurant
Penfield,http://rocwiki.org/Panera_Bread,Panera Bread
Pittsford,http://rocwiki.org/Corner_Bakery_Cafe,Corner Bakery Cafe
Pittsford,http://rocwiki.org/Erie_Grill,Erie Grill
Pittsford,http://rocwiki.org/JoJo,JoJo
Pittsford,http://rocwiki.org/Moe%27s_Southwest_Grill,Moe's Southwest Grill
Pittsford,http://rocwiki.org/Monroe%27s_Restaurant,Monroe's Restaurant
Pittsford,http://rocwiki.org/Next_Door_Bar_%26_Grill,Next Door Bar & Grill
Pittsford,http://rocwiki.org/Pittsford_Pub,Pittsford Pub
Pittsford,http://rocwiki.org/Pomodoro_Grill_and_Wine_Bar,Pomodoro Grill and Wine Bar
Pittsford,http://rocwiki.org/The_Pub_at_Bushnell%27s_Basin,The Pub at Bushnell's Basin
Pittsford,http://rocwiki.org/Label_7,Label 7
Pittsford,http://rocwiki.org/Olive%27s_Greek_Taverna,Olive's Greek Taverna
Pittsford,http://rocwiki.org/Applebee%27s,Applebee's
Pittsford,http://rocwiki.org/Benucci%27s,Benucci's
Pittsford,http://rocwiki.org/Black_and_Blue,Black and Blue
Pittsford,http://rocwiki.org/Cheesecake_Factory,Cheesecake Factory
Pittsford,http://rocwiki.org/Chipotle_Mexican_Grill,Chipotle Mexican Grill
Pittsford,http://rocwiki.org/Colie%27s_Cafe,Colie's Cafe
Pittsford,http://rocwiki.org/Five_Guys_Burgers_and_Fries,Five Guys Burgers and Fries
Pittsford,http://rocwiki.org/The_Food_Bar_at_Wegmans,The Food Bar at Wegmans
Pittsford,http://rocwiki.org/Plum_Garden,Plum Garden
Pittsford,http://rocwiki.org/Hicks_and_McCarthy,Hicks and McCarthy
Pittsford,http://rocwiki.org/Aladdin%27s_Natural_Eatery,Aladdin's Natural Eatery
Pittsford,http://rocwiki.org/Simply_Crepes,Simply Crepes
Pittsford,http://rocwiki.org/Village_Coal_Tower,Village Coal Tower
Scottsville,http://rocwiki.org/Amy_Rose_Pizza,Amy Rose Pizza
Scottsville,http://rocwiki.org/China_Panda,China Panda
Scottsville,http://rocwiki.org/Mark%27s_Pizzeria,Mark's Pizzeria
Scottsville,http://rocwiki.org/Scottsville_Diner,Scottsville Diner
Spencerport,http://rocwiki.org/2_Ton_Tony%27s,2 Ton Tony's
Spencerport,http://rocwiki.org/Abe%27s,Abe's
Spencerport,http://rocwiki.org/Chef_King,Chef King
Spencerport,http://rocwiki.org/Cordello%27s,Cordello's
Spencerport,http://rocwiki.org/Galley_Restaurant,Galley Restaurant
Spencerport,http://rocwiki.org/Grandpa_Sam%27s,Grandpa Sam's
Spencerport,http://rocwiki.org/Little_Louie%27s_Pizzeria,Little Louie's Pizzeria
Spencerport,http://rocwiki.org/Mangia_Mangia,Mangia Mangia
Spencerport,http://rocwiki.org/Pizza_Shack_1,Pizza Shack 1
Spencerport,http://rocwiki.org/Taste_of_Texas_Bar-B-Q,Taste of Texas Bar-B-Q
Spencerport,http://rocwiki.org/Krony%27s_Pizza,Krony's Pizza
Spencerport,http://rocwiki.org/Pineview_Family_Restaurant,Pineview Family Restaurant
Victor,http://rocwiki.org/Bernardo%27s_Pizza_%26_Submarines,Bernardo's Pizza & Submarines
Victor,http://rocwiki.org/Bistro_11,Bistro 11
Victor,http://rocwiki.org/Burger_Shack_Grill,Burger Shack Grill
Victor,http://rocwiki.org/Chili%27s,Chili's
Victor,http://rocwiki.org/Cole_%26_Parks,Cole & Parks
Victor,http://rocwiki.org/Denny%27s,Denny's
Victor,http://rocwiki.org/Dunkin%27_Donuts,Dunkin' Donuts
Victor,http://rocwiki.org/Food_at_Fisher%27s_Station,Food at Fisher's Station
Victor,http://rocwiki.org/Giovanni%27s_Ristorante,Giovanni's Ristorante
Victor,http://rocwiki.org/India_House,India House
Victor,http://rocwiki.org/LongHorn_Steakhouse,Longhorn Steakhouse
Victor,http://rocwiki.org/Lucca_Wood_Fired_Pizza,Lucca Wood Fired Pizza
Victor,http://rocwiki.org/Mickey_Finn%27s_Station_One,Mickey Finn's Station One
Victor,http://rocwiki.org/Olive_Garden,Olive Garden
Victor,http://rocwiki.org/Otto_Tomotto%27s,Otto Tomotto's
Victor,http://rocwiki.org/Panda_Restaurant,Panda Restaurant
Victor,http://rocwiki.org/Papa_Jack%27s_Grill,Papa Jack's Grill
Victor,http://rocwiki.org/Pontillo%27s,Pontillo's
Victor,http://rocwiki.org/Posella%27s_Pizzeria,Posella's Pizzeria
Victor,http://rocwiki.org/salvatore%27s,Salvatore's
Victor,http://rocwiki.org/TGI_Friday%27s,TGI Friday's
Victor,http://rocwiki.org/The_Distillery,The Distillery
Victor,http://rocwiki.org/The_Soup_Spoon,The Soup Spoon
Victor,http://rocwiki.org/The_Thirsty_Turtle,The Thirsty Turtle
Victor,http://rocwiki.org/Tim_Hortons,Tim Hortons
Victor,http://rocwiki.org/Uno_Chicago_Grill,Uno Chicago Grill
Victor,http://rocwiki.org/Victor_Village_Inn,Victor Village Inn
Victor,http://rocwiki.org/Wendy%27s,Wendy's
Victor,http://rocwiki.org/Allen%27s_Cobblestone_Deli,Allen's Cobblestone Deli
Victor,http://rocwiki.org/Amiel%27s,Amiel's
Victor,http://rocwiki.org/Little_Caesars_Pizza,Little Caesars Pizza
Victor,http://rocwiki.org/Moe%27s_Southwest_Grill,Moe's Southwest Grill
Victor,http://rocwiki.org/Rainbow_Wok,Rainbow Wok
Victor,http://rocwiki.org/UMI_Japanese_Steakhouse_%26_Sushi_Bar,UMI Japanese Steakhouse & Sushi Bar
Victor,http://rocwiki.org/Arby%27s,Arby's
Victor,http://rocwiki.org/Auntie_Anne%27s,Auntie Anne's
Victor,http://rocwiki.org/Biaggi%27s,Biaggi's
Victor,http://rocwiki.org/Bonefish_Grill,Bonefish Grill
Victor,http://rocwiki.org/Burger_King,Burger King
Victor,http://rocwiki.org/Champps,Champps
Victor,http://rocwiki.org/Charley%27s_Grilled_Subs,Charley's Grilled Subs
Victor,http://rocwiki.org/Colie%27s_Cafe,Colie's Cafe
Victor,http://rocwiki.org/Friendly%27s,Friendly's
Victor,http://rocwiki.org/P.F._Chang%27s_China_Bistro,P.F. Chang's China Bistro
Victor,http://rocwiki.org/Sbarro,Sbarro
Victor,http://rocwiki.org/Subway_Restaurants,Subway Restaurants
Victor,http://rocwiki.org/Taco_Bell,Taco Bell
Victor,http://rocwiki.org/Tom_Wahl%27s,Tom Wahl's
Webster,http://rocwiki.org/Atlantic_Family_Restaurant,Atlantic Family Restaurant
Webster,http://rocwiki.org/Bruster%27s,Bruster's
Webster,http://rocwiki.org/Castaways_On_the_Lake,Castaways On the Lake
Webster,http://rocwiki.org/The_Garlic_Pit,The Garlic Pit
Webster,http://rocwiki.org/Gyromania,Gyromania
Webster,http://rocwiki.org/Hedges_9_Mile_Point_Restaurant,Hedges 9 Mile Point Restaurant
Webster,http://rocwiki.org/Jade_Palace,Jade Palace
Webster,http://rocwiki.org/Jasmine%27s_Asian_Fusion,Jasmine's Asian Fusion
Webster,http://rocwiki.org/Jimmy_John%27s_Gourmet_Sandwiches,Jimmy John's Gourmet Sandwiches
Webster,http://rocwiki.org/Mama_Lor%27s_Cafe,Mama Lor's Cafe
Webster,http://rocwiki.org/Martino%27s_Pizzeria,Martino's Pizzeria
Webster,http://rocwiki.org/Monte_Alban_Mexican_Grill,Monte Alban Mexican Grill
Webster,http://rocwiki.org/Nutcracker_Family_Restaurant,Nutcracker Family Restaurant
Webster,http://rocwiki.org/Papa_John%27s,Papa John's
Webster,http://rocwiki.org/Phuket_Thai,Phuket Thai
Webster,http://rocwiki.org/Rhino%27s_Pizzeria_%26_Deli,Rhino's Pizzeria & Deli
Webster,http://rocwiki.org/Streppa%27s_Bistro,Streppa's Bistro
Webster,http://rocwiki.org/T%27s_Family_Restaurant,T's Family Restaurant
Webster,http://rocwiki.org/Cold_Stone_Creamery,Cold Stone Creamery
Webster,http://rocwiki.org/Moe%27s_Southwest_Grill,Moe's Southwest Grill
Webster,http://rocwiki.org/Panera_Bread,Panera Bread
Webster,http://rocwiki.org/Red_Robin,Red Robin
Webster,http://rocwiki.org/Royal_Dynasty,Royal Dynasty
Webster,http://rocwiki.org/Spring_Garden,Spring Garden
Webster,http://rocwiki.org/Starbucks,Starbucks
Webster,http://rocwiki.org/Uno_Chicago_Grill,Uno Chicago Grill
Webster,http://rocwiki.org/Burger_King,Burger King
Webster,http://rocwiki.org/China_Chef,China Chef
Webster,http://rocwiki.org/Proietti%27s,Proietti's
Webster,http://rocwiki.org/Sogo_Japanese_Steakhouse,Sogo Japanese Steakhouse
Webster,http://rocwiki.org/Starbucks,Starbucks
Webster,http://rocwiki.org/Subway_Restaurants,Subway Restaurants
Webster,http://rocwiki.org/Hooligans_Eastside_Grill,Hooligans Eastside Grill
Webster,http://rocwiki.org/Moma_Ristorante_Italiano,Moma Ristorante Italiano
Webster,http://rocwiki.org/Pontillo%27s,Pontillo's
Webster,http://rocwiki.org/Taka_House_Japanese_Restaurant,Taka House Japanese Restaurant
Webster,http://rocwiki.org/Barry%E2%80%99s_Old_School_Irish,Barry’s Old School Irish
Webster,http://rocwiki.org/Coach_Sports_Bar,Coach Sports Bar
Webster,http://rocwiki.org/Dunkin%27_Donuts,Dunkin' Donuts
Webster,http://rocwiki.org/Golden_Boys,Golden Boys
Webster,http://rocwiki.org/Hank%27s_Ice_Cream_%26_Roast_Beef_Sandwiches,Hank's Ice Cream & Roast Beef Sandwiches
Webster,http://rocwiki.org/Hatter%27s_Pub,Hatter's Pub
Webster,http://rocwiki.org/Maa%27s_Diner,Maa's Diner
Webster,http://rocwiki.org/Maria%27s_Mexican_Restaurant,Maria's Mexican Restaurant
Webster,http://rocwiki.org/Mark%27s_Pizzeria,Mark's Pizzeria
Webster,http://rocwiki.org/Marvin_Mozzeroni%27s,Marvin Mozzeroni's
Webster,http://rocwiki.org/McDonald%27s,McDonald's
Webster,http://rocwiki.org/No._1,No. 1
Webster,http://rocwiki.org/Prime_Steakhouse,Prime Steakhouse
Webster,http://rocwiki.org/Rubino%27s,Rubino's
Webster,http://rocwiki.org/Webster_Hots,Webster Hots
